[{"id":"user-image-sa-min.jpg","publicUrl":"np://user.desktop.nicepage.com/Site_387815711/images/sa-min.jpg","size":137471,"fileName":"sa-min.jpg","name":"sa-min","width":1202,"height":800,"thumbnail":{"url":"np://user.desktop.nicepage.com/Site_387815711/images/thumbnails/sa-min.jpg","width":250,"height":166},"originalUrl":"//images03.nicepage.com/c461c07a441a5d220e8feb1a/911b1a591b4e596296b50eef/sa-min.jpg"},{"id":"user-image-v.png","publicUrl":"np://user.desktop.nicepage.com/Site_387815711/images/v.png","size":7862,"fileName":"v.png","name":"v","width":500,"height":375,"thumbnail":{"url":"np://user.desktop.nicepage.com/Site_387815711/images/thumbnails/v.png","width":250,"height":188},"originalUrl":"//images03.nicepage.com/c461c07a441a5d220e8feb1a/209c78aef762539f84873ece/v.png"},{"id":"user-image--min.jpg","publicUrl":"np://user.desktop.nicepage.com/Site_387815711/images/-min.jpg","size":99798,"fileName":"-min.jpg","name":"-min","width":1782,"height":1080,"thumbnail":{"url":"np://user.desktop.nicepage.com/Site_387815711/images/thumbnails/-min.jpg","width":250,"height":152},"originalUrl":"//images01.nicepage.com/c461c07a441a5d220e8feb1a/0368ac4b59b75190a2cd6f0c/-min.jpg"},{"id":"user-image-swa-min.jpg","publicUrl":"np://user.desktop.nicepage.com/Site_387815711/images/swa-min.jpg","size":161702,"fileName":"swa-min.jpg","name":"swa-min","width":1980,"height":792,"thumbnail":{"url":"np://user.desktop.nicepage.com/Site_387815711/images/thumbnails/swa-min.jpg","width":250,"height":100},"originalUrl":"//images03.nicepage.com/c461c07a441a5d220e8feb1a/bd42e19406b8580098a14e65/swa-min.jpg"},{"id":"user-image-901002.png","publicUrl":"np://user.desktop.nicepage.com/Site_387815711/images/901002.png","size":9926,"fileName":"901002.png","name":"901002","width":128,"height":128,"thumbnail":{"url":"np://user.desktop.nicepage.com/Site_387815711/images/thumbnails/901002.png","width":128,"height":128,"length":9926,"type":"png"}},{"id":"user-image-2561706.png","publicUrl":"np://user.desktop.nicepage.com/Site_387815711/images/2561706.png","size":3733,"fileName":"2561706.png","name":"2561706","width":128,"height":128,"thumbnail":{"url":"np://user.desktop.nicepage.com/Site_387815711/images/thumbnails/2561706.png","width":128,"height":128,"length":3733,"type":"png"}},{"id":"user-image-3419768.png","publicUrl":"np://user.desktop.nicepage.com/Site_387815711/images/3419768.png","size":6786,"fileName":"3419768.png","name":"3419768","width":128,"height":128,"thumbnail":{"url":"np://user.desktop.nicepage.com/Site_387815711/images/thumbnails/3419768.png","width":128,"height":128,"length":6786,"type":"png"}},{"id":"user-image-2863489.png","publicUrl":"np://user.desktop.nicepage.com/Site_387815711/images/2863489.png","size":4480,"fileName":"2863489.png","name":"2863489","width":128,"height":128,"thumbnail":{"url":"np://user.desktop.nicepage.com/Site_387815711/images/thumbnails/2863489.png","width":128,"height":128,"length":4480,"type":"png"}},{"id":"user-image-45452558974_67c228634c_b.jpeg","publicUrl":"np://user.desktop.nicepage.com/Site_387815711/images/45452558974_67c228634c_b.jpeg","size":305937,"fileName":"45452558974_67c228634c_b.jpeg","name":"45452558974_67c228634c_b","width":1024,"height":817,"thumbnail":{"url":"np://user.desktop.nicepage.com/Site_387815711/images/thumbnails/45452558974_67c228634c_b.jpeg","width":250,"height":199}},{"id":"user-image-e04dd31b695ddeb60bb25c329812ad77ce77ebeb57f2ccf277d8f3ab0b26dadba3d966b1fe68bede47047934ab6da569fa46001712beccac9ab92b_1280.jpg","publicUrl":"np://user.desktop.nicepage.com/Site_387815711/images/e04dd31b695ddeb60bb25c329812ad77ce77ebeb57f2ccf277d8f3ab0b26dadba3d966b1fe68bede47047934ab6da569fa46001712beccac9ab92b_1280.jpg","size":309708,"fileName":"e04dd31b695ddeb60bb25c329812ad77ce77ebeb57f2ccf277d8f3ab0b26dadba3d966b1fe68bede47047934ab6da569fa46001712beccac9ab92b_1280.jpg","name":"e04dd31b695ddeb60bb25c329812ad77ce77ebeb57f2ccf277d8f3ab0b26dadba3d966b1fe68bede47047934ab6da569fa46001712beccac9ab92b_1280","width":1280,"height":728,"thumbnail":{"url":"np://user.desktop.nicepage.com/Site_387815711/images/thumbnails/e04dd31b695ddeb60bb25c329812ad77ce77ebeb57f2ccf277d8f3ab0b26dadba3d966b1fe68bede47047934ab6da569fa46001712beccac9ab92b_1280.jpg","width":250,"height":142}},{"id":"user-image-c6aec0081bb8d5778dbafc1c7fd53465344b1fe602d0262453cf5f4d734a42414ab50f74782733b295db5043c4b85f7b72de1831305587b4189175_1280.jpg","publicUrl":"np://user.desktop.nicepage.com/Site_387815711/images/c6aec0081bb8d5778dbafc1c7fd53465344b1fe602d0262453cf5f4d734a42414ab50f74782733b295db5043c4b85f7b72de1831305587b4189175_1280.jpg","size":140381,"fileName":"c6aec0081bb8d5778dbafc1c7fd53465344b1fe602d0262453cf5f4d734a42414ab50f74782733b295db5043c4b85f7b72de1831305587b4189175_1280.jpg","name":"c6aec0081bb8d5778dbafc1c7fd53465344b1fe602d0262453cf5f4d734a42414ab50f74782733b295db5043c4b85f7b72de1831305587b4189175_1280","width":1280,"height":720,"thumbnail":{"url":"np://user.desktop.nicepage.com/Site_387815711/images/thumbnails/c6aec0081bb8d5778dbafc1c7fd53465344b1fe602d0262453cf5f4d734a42414ab50f74782733b295db5043c4b85f7b72de1831305587b4189175_1280.jpg","width":250,"height":141}},{"id":"user-image-735ee2f4a766e6aeb32186ea1cb0ed630b06af22a9cbad8b77e198ef93818872d67017b93649c30da763ffd3d5b74eb0ffade016adcb48199c7dc1_1280.jpg","publicUrl":"np://user.desktop.nicepage.com/Site_387815711/images/735ee2f4a766e6aeb32186ea1cb0ed630b06af22a9cbad8b77e198ef93818872d67017b93649c30da763ffd3d5b74eb0ffade016adcb48199c7dc1_1280.jpg","size":167637,"fileName":"735ee2f4a766e6aeb32186ea1cb0ed630b06af22a9cbad8b77e198ef93818872d67017b93649c30da763ffd3d5b74eb0ffade016adcb48199c7dc1_1280.jpg","name":"735ee2f4a766e6aeb32186ea1cb0ed630b06af22a9cbad8b77e198ef93818872d67017b93649c30da763ffd3d5b74eb0ffade016adcb48199c7dc1_1280","width":907,"height":1280,"thumbnail":{"url":"np://user.desktop.nicepage.com/Site_387815711/images/thumbnails/735ee2f4a766e6aeb32186ea1cb0ed630b06af22a9cbad8b77e198ef93818872d67017b93649c30da763ffd3d5b74eb0ffade016adcb48199c7dc1_1280.jpg","width":177,"height":250}},{"id":"user-image-USGS_bigsur_landslide_lrg.jpg","publicUrl":"np://user.desktop.nicepage.com/Site_387815711/images/USGS_bigsur_landslide_lrg.jpg","size":512854,"fileName":"USGS_bigsur_landslide_lrg.jpg","name":"USGS_bigsur_landslide_lrg","width":1500,"height":992,"thumbnail":{"url":"np://user.desktop.nicepage.com/Site_387815711/images/thumbnails/USGS_bigsur_landslide_lrg.jpg","width":250,"height":165}},{"id":"user-image-38e73b0e9fedf7a6cb46417371b35b7da97deb07bb743962fcba86cdbf48a13285f72e885abd0150eb42f558b1768fba603f68f7ecc7bfab884f8c_1280.png","publicUrl":"np://user.desktop.nicepage.com/Site_387815711/images/38e73b0e9fedf7a6cb46417371b35b7da97deb07bb743962fcba86cdbf48a13285f72e885abd0150eb42f558b1768fba603f68f7ecc7bfab884f8c_1280.png","size":1290273,"fileName":"38e73b0e9fedf7a6cb46417371b35b7da97deb07bb743962fcba86cdbf48a13285f72e885abd0150eb42f558b1768fba603f68f7ecc7bfab884f8c_1280.png","name":"38e73b0e9fedf7a6cb46417371b35b7da97deb07bb743962fcba86cdbf48a13285f72e885abd0150eb42f558b1768fba603f68f7ecc7bfab884f8c_1280","width":1180,"height":1280,"thumbnail":{"url":"np://user.desktop.nicepage.com/Site_387815711/images/thumbnails/38e73b0e9fedf7a6cb46417371b35b7da97deb07bb743962fcba86cdbf48a13285f72e885abd0150eb42f558b1768fba603f68f7ecc7bfab884f8c_1280.png","width":230,"height":250}},{"id":"user-image-2.jpg","publicUrl":"np://user.desktop.nicepage.com/Site_387815711/images/2.jpg","size":24248,"fileName":"2.jpg","name":"2","width":404,"height":404,"thumbnail":{"url":"np://user.desktop.nicepage.com/Site_387815711/images/thumbnails/2.jpg","width":250,"height":250},"originalUrl":"//images01.nicepagecdn.com/c461c07a441a5d220e8feb1a/23f2b6ec8f435911852884f1/2.jpg"},{"id":"user-image-fggf.jpg","publicUrl":"np://user.desktop.nicepage.com/Site_387815711/images/fggf.jpg","size":29555,"fileName":"fggf.jpg","name":"fggf","width":404,"height":404,"thumbnail":{"url":"np://user.desktop.nicepage.com/Site_387815711/images/thumbnails/fggf.jpg","width":250,"height":250},"originalUrl":"//images01.nicepagecdn.com/c461c07a441a5d220e8feb1a/47d488474b1750ad8f9a684f/fggf.jpg"},{"id":"user-image-fff.jpg","publicUrl":"np://user.desktop.nicepage.com/Site_387815711/images/fff.jpg","size":25904,"fileName":"fff.jpg","name":"fff","width":404,"height":404,"thumbnail":{"url":"np://user.desktop.nicepage.com/Site_387815711/images/thumbnails/fff.jpg","width":250,"height":250},"originalUrl":"//images01.nicepagecdn.com/c461c07a441a5d220e8feb1a/dee2a7ea9eea577cab16110a/fff.jpg"},{"id":"user-image-fgfg-min.jpg","publicUrl":"np://user.desktop.nicepage.com/Site_387815711/images/fgfg-min.jpg","size":177074,"fileName":"fgfg-min.jpg","name":"fgfg-min","width":1920,"height":1003,"thumbnail":{"url":"np://user.desktop.nicepage.com/Site_387815711/images/thumbnails/fgfg-min.jpg","width":250,"height":131},"originalUrl":"//images01.nicepage.com/c461c07a441a5d220e8feb1a/69e5d54054fb5258b6602405/fgfg-min.jpg"},{"id":"user-image-2504923.png","publicUrl":"np://user.desktop.nicepage.com/Site_387815711/images/2504923.png","size":4469,"fileName":"2504923.png","name":"2504923","width":128,"height":128,"thumbnail":{"url":"np://user.desktop.nicepage.com/Site_387815711/images/thumbnails/2504923.png","width":128,"height":128,"length":4469,"type":"png"}},{"id":"user-image-3059989.png","publicUrl":"np://user.desktop.nicepage.com/Site_387815711/images/3059989.png","size":3901,"fileName":"3059989.png","name":"3059989","width":128,"height":128,"thumbnail":{"url":"np://user.desktop.nicepage.com/Site_387815711/images/thumbnails/3059989.png","width":128,"height":128,"length":3901,"type":"png"}},{"id":"user-image-3687004.png","publicUrl":"np://user.desktop.nicepage.com/Site_387815711/images/3687004.png","size":4728,"fileName":"3687004.png","name":"3687004","width":128,"height":128,"thumbnail":{"url":"np://user.desktop.nicepage.com/Site_387815711/images/thumbnails/3687004.png","width":128,"height":128,"length":4728,"type":"png"}},{"id":"user-image-1865269.png","publicUrl":"np://user.desktop.nicepage.com/Site_387815711/images/1865269.png","size":5558,"fileName":"1865269.png","name":"1865269","width":128,"height":128,"thumbnail":{"url":"np://user.desktop.nicepage.com/Site_387815711/images/thumbnails/1865269.png","width":128,"height":128,"length":5558,"type":"png"}}]